risk Allele,pValue,riskFrequency,or Value,beta,ci,locations
A,4E-21,0.3279,0.93,-0.072570693,[0.92-0.95],14:92472511
A,0.00000002,0.3605,1.05,0.048790164,[1.03-1.07],14:105761758
A,4E-10,0.1325,0.94,-0.061875404,[0.92-0.96],14:106665591
G,0.00000001,0.3448,0.96,-0.040821995,[0.94-0.97],15:50701814
A,2E-15,0.2795,0.94,-0.061875404,[0.93-0.96],15:58764824
T,2E-25,0.1439,1.11,0.104360015,[1.09-1.13],15:63277703
G,8E-11,0.2199,1.05,0.048790164,[1.04-1.07],15:64131307
A,0.000000004,0.1327,0.94,-0.061875404,[0.92-0.96],15:78936857
T,3E-13,0.3789,0.94,-0.061875404,[0.93-0.96],16:30010081
T,2E-11,0.281,0.95,-0.051293294,[0.94-0.97],16:31111250
A,6E-10,0.1148,1.07,0.067658648,[1.05-1.09],16:70660097
C,0.00000003,0.3728,0.96,-0.040821995,[0.95-0.98],16:79574511
G,1E-13,0.403,0.95,-0.051293294,[0.94-0.96],16:81739398
G,8E-12,0.0078,0.74,-0.301105093,[0.68-0.81],16:81908423
A,0.00000001,0.0288,1.13,0.122217633,[1.08-1.17],16:86420604
A,6E-15,0.0693,1.11,0.104360015,[1.08-1.14],16:90103687
T,8E-11,0.2137,1.06,0.058268908,[1.04-1.08],17:1728047
A,4E-13,0.1241,1.08,0.076961041,[1.05-1.1],17:5233752
A,0.000000001,0.1117,0.94,-0.061875404,[0.92-0.96],17:18156140
T,2E-20,0.2886,1.07,0.067658648,[1.06-1.09],17:44352876
G,9E-13,0.2194,0.94,-0.061875404,[0.93-0.96],17:46779275
T,3E-14,0.0122,1.32,0.277631737,[1.23-1.42],17:49219935
G,2E-12,0.4449,0.95,-0.051293294,[0.94-0.97],17:58332680
C,9E-20,0.3837,0.94,-0.061875404,[0.93-0.95],17:63471557
A,2E-37,0.3357,1.1,0.09531018,[1.09-1.12],19:1050875
T,0.000000007,0.1136,1.07,0.067658648,[1.05-1.1],7:8204382
A,5E-11,0.4115,0.96,-0.040821995,[0.94-0.97],7:12229967
G,0.00000001,0.2223,0.95,-0.051293294,[0.93-0.97],7:28129127
T,5E-10,0.3494,0.96,-0.040821995,[0.94-0.97],7:37844191
T,2E-10,0.1033,0.93,-0.072570693,[0.91-0.95],7:54873635
C,1E-26,0.31,0.92,-0.083381609,[0.91-0.94],7:100334426
A,3E-14,0.3476,0.95,-0.051293294,[0.93-0.96],7:143413669
C,0.000000002,0.053,1.09,0.086177696,[1.06-1.12],8:11844613
T,4E-22,0.3694,1.07,0.067658648,[1.06-1.08],8:27362470
T,2E-44,0.392,0.91,-0.094310679,[0.9-0.92],8:27607795
A,2E-16,0.0814,1.13,0.122217633,[1.09-1.16],8:144103704
G,0.000000002,0.13,1.06,0.058268908,[1.04-1.08],9:104903697
G,1E-18,0.4619,1.06,0.058268908,[1.05-1.08],10:11676714
T,3E-13,0.4026,0.95,-0.051293294,[0.94-0.96],10:60025170
C,2E-19,0.1964,0.93,-0.072570693,[0.91-0.94],10:80494228
G,7E-11,0.0435,0.89,-0.116533816,[0.86-0.92],10:96266650
G,0.000000003,0.4674,0.96,-0.040821995,[0.95-0.97],10:122413396
A,5E-14,0.3987,1.06,0.058268908,[1.04-1.07],11:47370397
A,4E-42,0.371,0.91,-0.094310679,[0.9-0.92],11:60254475
T,3E-48,0.3584,0.9,-0.105360516,[0.89-0.92],11:86157598
G,3E-11,0.0186,1.19,0.173953307,[1.13-1.25],11:121482368
C,1E-21,0.039,0.84,-0.174353387,[0.81-0.87],11:121564878
C,0.000000002,0.0764,1.08,0.076961041,[1.05-1.1],12:113281983
G,8E-16,0.0892,1.1,0.09531018,[1.07-1.12],14:52924962
G,0.00000005,0.3709,1.04,0.039220713,[1.02-1.05],14:92464917
C,0.000000008,0.0038,1.38,0.322083499,[1.24-1.54],1:109345810
T,7E-46,0.1877,1.13,0.122217633,[1.11-1.15],1:207577223
G,0.00000003,0.1436,1.06,0.058268908,[1.04-1.08],2:9558882
C,0.000000003,0.1446,1.06,0.058268908,[1.04-1.08],2:37304796
C,2E-13,0.0051,1.47,0.385262401,[1.33-1.63],2:105749599
T,6E-118,0.3891,1.17,0.157003749,[1.16-1.19],2:127135234
T,0.00000001,0.1311,0.94,-0.061875404,[0.92-0.96],2:202878717
G,4E-18,0.2343,0.93,-0.072570693,[0.92-0.95],2:233117202
A,0.00000004,0.0542,0.92,-0.083381609,[0.89-0.95],3:155069722
G,2E-11,0.0263,1.16,0.148420005,[1.11-1.21],3:155084189
G,8E-12,0.4288,0.95,-0.051293294,[0.94-0.96],4:993555
C,2E-17,0.2826,1.07,0.067658648,[1.05-1.08],4:11023507
G,0.000000001,0.3431,1.05,0.048790164,[1.03-1.06],4:40197226
A,0.000000002,0.0727,1.09,0.086177696,[1.06-1.12],5:14724304
C,1E-15,0.2295,1.07,0.067658648,[1.05-1.09],5:86927378
T,0.000000009,0.3264,0.96,-0.040821995,[0.95-0.97],5:151052827
A,2E-16,0.1103,1.09,0.086177696,[1.07-1.12],5:180201150
G,7E-20,0.1613,0.91,-0.094310679,[0.9-0.93],6:32615322
A,0.000000001,0.142,0.94,-0.061875404,[0.93-0.96],6:41036354
T,3E-25,0.0126,1.41,0.343589704,[1.32-1.5],6:41161469
T,3E-37,0.0031,2.39,0.871293366,[2.09-2.73],6:41161514
G,0.00000002,0.0042,1.55,0.438254931,[1.33-1.8],6:41181270
T,8E-22,0.2709,1.08,0.076961041,[1.06-1.09],6:47517390
T,0.000000002,0.3502,1.04,0.039220713,[1.03-1.06],6:114291731
T,1E-10,0.4205,1.05,0.048790164,[1.03-1.06],7:7817263
G,5E-10,0.4802,1.05,0.048790164,[1.04-1.07],19:1854255
T,0.000000005,0.2398,1.05,0.048790164,[1.03-1.07],19:49950060
C,4E-11,0.3251,1.05,0.048790164,[1.04-1.07],19:54267597
A,0.00000002,0.246,0.95,-0.051293294,[0.94-0.97],20:413334
G,4E-21,0.0898,0.89,-0.116533816,[0.87-0.91],20:56423488
T,0.000000003,0.221,0.95,-0.051293294,[0.93-0.97],20:63743088
C,1E-12,0.4764,0.95,-0.051293294,[0.94-0.97],21:26101558
T,2E-10,0.2809,0.95,-0.051293294,[0.94-0.97],21:26775872
T,0.00000002,0.3012,1.04,0.039220713,[1.03-1.06],1:161141573
T,0.00000004,0.0013,2.02,0.703097511,[1.57-2.6],4:139594965
T,0.000000002,0.4662,1.04,0.039220713,[1.03-1.05],8:94983473
T,0.000000001,0.0091,1.28,0.246860078,[1.18-1.39],15:49972642
T,0.00000005,0.0632,0.92,-0.083381609,[0.89-0.95],17:7560328
A,0.000000002,0.1097,0.93,-0.072570693,[0.91-0.95],19:1066627
